metric,value
pearson_fwd1,0.003184142883941851
pearson_fwd5,-0.02097815718524224
spearman_fwd1,-0.01987376668488561
spearman_fwd5,-0.0515158300937036
